{"input_images":{"width":28,"height":28,"format":"png","count":5,"filenames":["media/images/input_images_6871_06fb3b91789b0642a8ab.png","media/images/input_images_6871_7bb497caf85f41225f67.png","media/images/input_images_6871_54b331b7196461335495.png","media/images/input_images_6871_6559fa00a1aec56e944f.png","media/images/input_images_6871_dee8ee5cb3ee47a3619a.png"],"captions":["Input 0","Input 1","Input 2","Input 3","Input 4"],"_type":"images/separated"},"roc":{"sha256":"d2cce6fe464f5e23c4786d3ef98a35809405ad6941c793490c171eba12972747","size":85818,"path":"media/images/roc_6930_d2cce6fe464f5e23c478.png","format":"png","width":640,"height":480,"_type":"image-file"},"_runtime":48,"_timestamp":1.768214239550542e+09,"train_accuracy":0,"train_loss":0,"_step":6930,"gradients":{"values":[0,0,0,0,0,0,0,0,0,0,0,0,0,0,0,0,0,0,0,0,0,0,0,0,0,0,0,0,0,0,0,0,22414,0,0,0,0,0,0,0,0,0,0,0,0,0,0,0,0,0,0,0,0,0,0,0,0,0,0,0,0,0,0,0],"bins":[-0.5,-0.484375,-0.46875,-0.453125,-0.4375,-0.421875,-0.40625,-0.390625,-0.375,-0.359375,-0.34375,-0.328125,-0.3125,-0.296875,-0.28125,-0.265625,-0.25,-0.234375,-0.21875,-0.203125,-0.1875,-0.171875,-0.15625,-0.140625,-0.125,-0.109375,-0.09375,-0.078125,-0.0625,-0.046875,-0.03125,-0.015625,0,0.015625,0.03125,0.046875,0.0625,0.078125,0.09375,0.109375,0.125,0.140625,0.15625,0.171875,0.1875,0.203125,0.21875,0.234375,0.25,0.265625,0.28125,0.296875,0.3125,0.328125,0.34375,0.359375,0.375,0.390625,0.40625,0.421875,0.4375,0.453125,0.46875,0.484375,0.5],"_type":"histogram"},"_wandb":{"runtime":48}}