{"_step":6930,"train_loss":0.09513948857784271,"train_accuracy":0.15000000596046448,"_wandb":{"runtime":48},"input_images":{"height":24,"format":"png","count":5,"filenames":["media/images/input_images_6871_609247bee19eaaa4ebcf.png","media/images/input_images_6871_ca788e9deee0b12ad788.png","media/images/input_images_6871_16754a673bb3ad3534a8.png","media/images/input_images_6871_75849be10a9044068a21.png","media/images/input_images_6871_897484abf29bdf729ba2.png"],"captions":["Input 0","Input 1","Input 2","Input 3","Input 4"],"_type":"images/separated","width":24},"_timestamp":1.768219113380822e+09,"_runtime":48,"roc":{"format":"png","width":640,"height":480,"_type":"image-file","sha256":"6f5331560ba618354086d2297da83515d4591147984520bb45080df932a16a2f","size":90160,"path":"media/images/roc_6930_6f5331560ba618354086.png"},"gradients":{"values":[1,1,0,0,0,0,2,1,0,0,0,0,1,1,0,2,0,0,1,1,0,4,3,5,3,3,0,1,5,10,12,20,69,116,822,18258,728,117,65,10,4,7,7,3,4,7,1,0,0,0,0,2,0,1,1,1,0,0,0,0,1,0,0,1],"bins":[-0.15583722293376923,-0.15145240724086761,-0.147067591547966,-0.1426827609539032,-0.1382979452610016,-0.13391312956809998,-0.12952831387519836,-0.12514349818229675,-0.12075868248939514,-0.11637385934591293,-0.11198904365301132,-0.10760422050952911,-0.1032194048166275,-0.09883458912372589,-0.09444977343082428,-0.09006495028734207,-0.08568013459444046,-0.08129531890153885,-0.07691049575805664,-0.07252568006515503,-0.06814086437225342,-0.06375604122877121,-0.0593712255358696,-0.05498640984296799,-0.05060158669948578,-0.04621677100658417,-0.041831955313682556,-0.037447139620780945,-0.03306231647729874,-0.02867749333381653,-0.024292677640914917,-0.019907861948013306,-0.015523046255111694,-0.011138230562210083,-0.006753414869308472,-0.0023685991764068604,0.002016231417655945,0.006401047110557556,0.010785862803459167,0.015170678496360779,0.01955549418926239,0.023940309882164,0.028325140476226807,0.03270995616912842,0.03709477186203003,0.04147958755493164,0.04586440324783325,0.05024921894073486,0.05463404953479767,0.05901886522769928,0.06340368092060089,0.0677884966135025,0.07217331230640411,0.07655812799930573,0.08094294369220734,0.08532777428627014,0.08971258997917175,0.09409740567207336,0.09848223626613617,0.10286705195903778,0.10725186765193939,0.111636683344841,0.11602149903774261,0.12040631473064423,0.12479113042354584],"_type":"histogram"}}